
INSERT INTO Department (department_name, department_desc) VALUES
('内科', '常见内科疾病诊疗'),
('外科', '外科手术及创伤处理'),
('儿科', '儿童疾病诊疗'),
('妇产科', '妇科及产科相关诊疗'),
('骨科', '骨骼与关节疾病'),
('皮肤科', '皮肤相关疾病'),
('眼科', '眼部疾病诊疗'),
('耳鼻喉科', '耳鼻喉相关疾病'),
('口腔科', '牙齿与口腔疾病'),
('中医科', '中医诊疗服务');

INSERT INTO Doctor (name, gender, title, department_id, contact) VALUES
('张建国', '男', '主任医师', 1, '13800000001'),
('李晓梅', '女', '副主任医师', 2, '13800000002'),
('王海', '男', '主治医师', 3, '13800000003'),
('赵敏', '女', '主治医师', 4, '13800000004'),
('陈强', '男', '副主任医师', 5, '13800000005'),
('刘芳', '女', '主任医师', 6, '13800000006'),
('孙伟', '男', '主治医师', 7, '13800000007'),
('周婷', '女', '主治医师', 8, '13800000008'),
('吴磊', '男', '副主任医师', 9, '13800000009'),
('何静', '女', '主任医师', 10, '13800000010');

UPDATE Department SET director_id = 1 WHERE department_id = 1;
UPDATE Department SET director_id = 2 WHERE department_id = 2;
UPDATE Department SET director_id = 3 WHERE department_id = 3;
UPDATE Department SET director_id = 4 WHERE department_id = 4;
UPDATE Department SET director_id = 5 WHERE department_id = 5;
UPDATE Department SET director_id = 6 WHERE department_id = 6;
UPDATE Department SET director_id = 7 WHERE department_id = 7;
UPDATE Department SET director_id = 8 WHERE department_id = 8;
UPDATE Department SET director_id = 9 WHERE department_id = 9;
UPDATE Department SET director_id = 10 WHERE department_id = 10;

INSERT INTO ConsultingRoom (department_id, room_number, max_capacity) VALUES
(1, '101', 30),
(2, '201', 25),
(3, '301', 20),
(4, '401', 20),
(5, '501', 25),
(6, '601', 20),
(7, '701', 15),
(8, '801', 15),
(9, '901', 20),
(10, '1001', 20);

INSERT INTO Patient (name, gender, id_card, phone, insurance_type) VALUES
('王小明', '男', '440101199001010001', '13900000001', '医保'),
('李红', '女', '440101199002020002', '13900000002', '自费'),
('张强', '男', '440101199003030003', '13900000003', '医保'),
('刘洋', '男', '440101199004040004', '13900000004', '自费'),
('陈丽', '女', '440101199005050005', '13900000005', '医保'),
('赵磊', '男', '440101199006060006', '13900000006', '医保'),
('孙娜', '女', '440101199007070007', '13900000007', '自费'),
('周军', '男', '440101199008080008', '13900000008', '医保'),
('吴霞', '女', '440101199009090009', '13900000009', '自费'),
('何俊', '男', '440101199010100010', '13900000010', '医保');

INSERT INTO Cashier (name, department_id, contact, work_status) VALUES
('收费员A', 1, '13700000001', '在岗'),
('收费员B', 2, '13700000002', '在岗'),
('收费员C', 3, '13700000003', '在岗'),
('收费员D', 4, '13700000004', '在岗'),
('收费员E', 5, '13700000005', '在岗'),
('收费员F', 6, '13700000006', '休假'),
('收费员G', 7, '13700000007', '在岗'),
('收费员H', 8, '13700000008', '在岗'),
('收费员I', 9, '13700000009', '在岗'),
('收费员J', 10, '13700000010', '在岗');

INSERT INTO Reservation
(patient_id, department_id, reservation_date, expected_time) VALUES
(1, 1, '2026-01-16', '09:00'),
(2, 2, '2026-01-16', '09:30'),
(3, 3, '2026-01-16', '10:00'),
(4, 4, '2026-01-16', '10:30'),
(5, 5, '2026-01-16', '11:00'),
(6, 6, '2026-01-16', '11:30'),
(7, 7, '2026-01-16', '14:00'),
(8, 8, '2026-01-16', '14:30'),
(9, 9, '2026-01-16', '15:00'),
(10, 10, '2026-01-16', '15:30');

INSERT INTO MedicalRecord
(patient_id, doctor_id, room_id, visit_date, visit_status, symptom, diagnosis) VALUES
(1, 1, 1, NOW(), '已完成', '发热、咳嗽', '上呼吸道感染'),
(2, 2, 2, NOW(), '已完成', '腹痛', '急性阑尾炎'),
(3, 3, 3, NOW(), '就诊中', '咳嗽', '支气管炎'),
(4, 4, 4, NOW(), '已离院', '头晕', '贫血'),
(5, 5, 5, NOW(), '已完成', '关节疼痛', '关节炎'),
(6, 6, 6, NOW(), '就诊中', '皮疹', '过敏性皮炎'),
(7, 7, 7, NOW(), '已完成', '视力模糊', '近视'),
(8, 8, 8, NOW(), '已完成', '耳鸣', '中耳炎'),
(9, 9, 9, NOW(), '已完成', '牙痛', '龋齿'),
(10, 10, 10, NOW(), '已完成', '失眠', '神经衰弱');

INSERT INTO Payment
(record_id, total_amount, insurance_amount, self_amount, payment_method, payment_date, cashier_id) VALUES
(1, 100.00, 60.00, 40.00, '医保', NOW(), 1),
(2, 300.00, 0.00, 300.00, '现金', NOW(), 2),
(3, 120.00, 80.00, 40.00, '医保', NOW(), 3),
(4, 150.00, 90.00, 60.00, '医保', NOW(), 4),
(5, 200.00, 0.00, 200.00, '微信', NOW(), 5),
(6, 180.00, 100.00, 80.00, '医保', NOW(), 6),
(7, 90.00, 0.00, 90.00, '支付宝', NOW(), 7),
(8, 110.00, 60.00, 50.00, '医保', NOW(), 8),
(9, 70.00, 0.00, 70.00, '现金', NOW(), 9),
(10, 130.00, 80.00, 50.00, '医保', NOW(), 10);

INSERT INTO Schedule
(doctor_id, room_id, schedule_date, start_time, end_time, max_reservations, reserved_count) VALUES
(1, 1, '2026-01-16', '08:00', '12:00', 20, 5),
(2, 2, '2026-01-16', '08:00', '12:00', 20, 8),
(3, 3, '2026-01-16', '08:00', '12:00', 15, 6),
(4, 4, '2026-01-16', '08:00', '12:00', 15, 4),
(5, 5, '2026-01-16', '14:00', '18:00', 20, 10),
(6, 6, '2026-01-16', '14:00', '18:00', 15, 7),
(7, 7, '2026-01-16', '14:00', '18:00', 10, 3),
(8, 8, '2026-01-16', '14:00', '18:00', 10, 4),
(9, 9, '2026-01-16', '08:00', '12:00', 15, 9),
(10, 10, '2026-01-16', '08:00', '12:00', 15, 6);



